EC (mg L-1),AV (V),SSA (m2 g-1),C (F g-1),SAC (mg g-1)
100,1.4,13.3,129,23.6
300,1.4,13.3,129,39.6
500,1.4,13.3,129,49.2
700,1.4,13.3,129,52.6
1000,1.4,13.3,129,53.7
500,0.6,13.3,129,18.5
500,0.8,13.3,129,21.4
500,1,13.3,129,27.2
500,1.2,13.3,129,37.9
500,0.6,60.5,158,37.5
500,0.8,60.5,158,47.4
500,1,60.5,158,53.9
500,1.2,60.5,158,63.4
500,1.4,60.5,158,69.3
100,1.4,60.5,158,36.4
300,1.4,60.5,158,48.2
700,1.4,60.5,158,77.4
1000,1.4,60.5,158,80
500,0.6,78.8,195,30
500,0.8,78.8,195,45.4
500,1,78.8,195,58.5
500,1.2,78.8,195,68.4
500,1.4,78.8,195,76.5
100,1.4,78.8,195,48.6
300,1.4,78.8,195,58.3
700,1.4,78.8,195,83.4
1000,1.4,78.8,195,85.4
520,1.2,21.08,86.3,8
520,1.2,90.37,141,31.2
520,0.8,90.37,141,15.9
520,1,90.37,141,20.8
120,1.2,90.37,141,7.5
320,1.2,90.37,141,21
100,0.8,49.15,136,9.1
100,1,49.15,136,12.8
100,1.2,49.15,136,16.2
500,0.8,34.9,129.4,16.9
500,0.8,74.8,58.2,10.2
500,0.8,51.7,89.4,11.8
500,1,34.9,129.4,29.5
500,1,74.8,58.2,16.2
500,1,51.7,89.4,18.6
500,1.2,34.9,129.4,43.6
500,1.2,74.8,58.2,20
500,1.2,51.7,89.4,27.7
250,1.2,34.9,129.4,38.5
1000,1.2,34.9,129.4,55.9
100,1.2,182.6,138.3,11.6
100,1.2,93.9,45.5,6.5
300,1.2,182.6,138.3,13.9
300,1.2,93.9,45.5,7.9
500,1.2,182.6,138.3,16.1
500,1.2,93.9,45.5,8.8
1000,1.2,182.6,138.3,22.4
1000,1.2,93.9,45.5,13.1
3000,1.2,182.6,138.3,28
3000,1.2,93.9,45.5,18.2
5000,1.2,182.6,138.3,34
5000,1.2,93.9,45.5,23.7
5000,1,182.6,138.3,27.3
5000,1,93.9,45.5,21.7
5000,1.4,182.6,138.3,42.4
5000,1.4,93.9,45.5,26.5
5000,1.6,182.6,138.3,51
5000,1.6,93.9,45.5,31.9
100,1.2,27.63,78.6,13.9
100,1.2,45.28,125.8,18.8
100,1.2,49.71,256.4,35
300,1.2,27.63,78.6,16.3
300,1.2,45.28,125.8,24.9
300,1.2,49.71,256.4,47.6
500,1.2,27.63,78.6,19.8
500,1.2,45.28,125.8,28.5
500,1.2,49.71,256.4,54.5
1000,1.2,27.63,78.6,25
1000,1.2,45.28,125.8,34.4
1000,1.2,49.71,256.4,58.3
2000,1.2,27.63,78.6,27.8
2000,1.2,45.28,125.8,38.2
2000,1.2,49.71,256.4,63.5
5000,1.2,27.63,78.6,31
5000,1.2,45.28,125.8,44.5
5000,1.2,49.71,256.4,67.3
10000,1.2,27.63,78.6,34.4
10000,1.2,45.28,125.8,49.3
10000,1.2,49.71,256.4,72.5
100,0.8,49.71,256.4,16
100,1,49.71,256.4,25
500,1.8,42.3,79.9,25.2
500,1.8,66.9,108.5,41.2
500,1.8,64.5,143.9,44.8
250,1.8,64.5,143.9,38
1000,1.8,64.5,143.9,49.2
500,1.2,64.5,143.9,28.2
500,1.4,64.5,143.9,35.2
500,1.6,64.5,143.9,41.1
300,1.2,3.1,97.3,10.5
300,1.2,35,119.5,12.5
300,1.2,48.2,170.1,19.3
500,1.2,3.1,97.3,15
500,1.2,35,119.5,19.7
500,1.2,48.2,170.1,35.6
700,1.2,3.1,97.3,20.8
700,1.2,35,119.5,25.8
700,1.2,48.2,170.1,41.2
1000,1.2,3.1,97.3,26.9
1000,1.2,35,119.5,33.2
1000,1.2,48.2,170.1,49.3
500,0.8,48.2,170.1,31.1
500,1,48.2,170.1,35
500,1.4,48.2,170.1,33.2
500,0.8,54.6,57.6,5.7
500,0.8,34.1,77.3,11.9
500,1,54.6,57.6,7.7
500,1,34.1,77.3,15.3
500,1.2,54.6,57.6,16.1
500,1.2,34.1,77.3,24
500,0.8,43.47,79.82,16.2
500,0.8,53.13,167.8,16.4
500,1,43.47,79.82,26.5
500,1,53.13,167.8,33.1
500,1.2,43.47,79.82,36.9
500,1.2,53.13,167.8,50.9
1000,0.8,8.5,71.1,31.1
1000,0.8,8.5,82.1,32.3
1000,0.8,8.5,98.8,58.6
1000,1,8.5,71.1,38.5
1000,1,8.5,82.1,33.8
1000,1,8.5,98.8,62.9
1000,1.2,8.5,71.1,61.7
1000,1.2,8.5,82.1,53.9
500,0.8,91.4,58.5,9.9
500,0.8,195.9,118.9,25.9
500,1,91.4,58.5,11.3
500,1,195.9,118.9,34.4
500,1.2,91.4,58.5,16.6
500,1.2,195.9,118.9,40.9
1170,1.2,54.5,98.4,18.6
1170,1.2,452.8,146.6,23.6
1170,1.2,512.3,191.7,39
1170,1.2,427.1,170.4,30.1
1170,0.8,512.3,191.7,17.4
1170,1,512.3,191.7,24.8
1170,1.4,512.3,191.7,43.6
585,1.2,512.3,191.7,34.5
877,1.2,512.3,191.7,37.3
1462,1.2,512.3,191.7,44.6
1000,1,17.56,66.8,42.2
1000,1.2,17.56,66.8,53
1000,1.4,17.56,66.8,67.4
100,1.5,6.2,104.8,17
100,1.5,10.7,207.1,33.3
100,1.5,16.4,258.3,37.3
300,1.5,6.2,104.8,20.1
300,1.5,10.7,207.1,43.9
300,1.5,16.4,258.3,49.8
500,1.5,6.2,104.8,24.5
500,1.5,10.7,207.1,52.4
500,1.5,16.4,258.3,59.3
500,1,6.2,104.8,8.5
500,1,10.7,207.1,29.8
500,1,16.4,258.3,34.6
500,1.2,6.2,104.8,13
500,1.2,10.7,207.1,37.9
500,1.2,16.4,258.3,44.8
300,1.2,36.1,124.1,14.1
300,1.2,7,139.4,16.9
300,1.2,19,217.6,27.1
500,1.2,36.1,124.1,19.9
500,1.2,7,139.4,21.5
500,1.2,19,217.6,39.1
700,1.2,36.1,124.1,21.5
700,1.2,7,139.4,24.3
700,1.2,19,217.6,45.1
1000,1.2,36.1,124.1,23.7
1000,1.2,7,139.4,28.3
1000,1.2,19,217.6,54.3
500,0.8,19,217.6,24.6
500,1,19,217.6,29.5
500,1.4,19,217.6,33.5
250,1.2,42.36,235.6,37.7
500,1.2,6.95,68.7,13.6
500,1.2,129.48,94.3,27
300,1.2,50.8,104.2,20
300,1.2,67.6,167,30.7
300,1.2,73.6,235.1,35.6
500,1.2,50.8,104.2,30
500,1.2,67.6,167,43
500,1.2,73.6,235.1,55
700,1.2,50.8,104.2,54.5
700,1.2,67.6,167,61.5
700,1.2,73.6,235.1,65
1000,1.2,50.8,104.2,66.7
1000,1.2,67.6,167,85.3
1000,1.2,73.6,235.1,88
500,0.8,50.8,104.2,24
500,0.8,67.6,167,38
500,0.8,73.6,235.1,46.6
500,1,50.8,104.2,26.8
500,1,67.6,167,40.6
500,1,73.6,235.1,48.8
500,1.4,50.8,104.2,33.4
500,1.4,67.6,167,45
500,1.4,73.6,235.1,58.4
500,1.2,67.3,61.1,13.7
500,1.2,76.5,241.3,48.1
500,0.6,76.5,241.3,29.8
500,0.8,76.5,241.3,34.7
500,1,76.5,241.3,40
500,1.4,76.5,241.3,53.5
500,0.8,70.7,228.6,40.7
500,1,70.7,228.6,48.2
500,1.2,70.7,228.6,55.2
100,0.8,16.1,88.5,7
100,0.8,28.75,221.9,15.1
100,0.8,23.46,126,11.4
100,0.6,28.75,221.9,10.8
100,1,28.75,221.9,16.8
250,0.8,32.81,53.1,1.5
250,0.8,67.61,82.3,3.2
250,0.8,174.26,118.3,9.6
250,1,32.81,53.1,3
250,1,67.61,82.3,4.4
250,1,174.26,118.3,16.3
250,1.2,32.81,53.1,4.4
250,1.2,67.61,82.3,7.4
250,1.2,174.26,118.3,18.3
250,1.4,32.81,53.1,5.5
250,1.4,67.61,82.3,11.1
250,1.4,174.26,118.3,20.8
250,1.6,32.81,53.1,6.3
250,1.6,67.61,82.3,15
250,1.6,174.26,118.3,24.3
250,1.8,32.81,53.1,5.8
250,1.8,67.61,82.3,12.8
250,1.8,174.26,118.3,20.2
300,0.8,13.65,111.7,13.2
300,0.8,24.3,139.4,16.2
300,1,13.65,111.7,14.2
300,1,24.3,139.4,21.8
300,1.2,13.65,111.7,17
300,1.2,24.3,139.4,28.4
300,1.4,13.65,111.7,20.6
300,1.4,24.3,139.4,34.2
100,1.2,24.3,139.4,21.6
200,1.2,24.3,139.4,24.9
400,1.2,24.3,139.4,30.4
500,1.2,24.3,139.4,30.7
250,0.8,67.61,81.9,3.3
250,0.8,459.32,112.75,14.2
250,0.8,233.4,153.79,19.8
250,1.2,67.61,81.9,7.3
250,1.2,459.32,112.75,20.2
250,1.2,233.4,153.79,24.9
250,1.6,67.61,81.9,14.9
250,1.6,459.32,112.75,25.4
250,1.6,233.4,153.79,28.8
250,2,67.61,81.9,12.5
250,2,459.32,112.75,22.4
250,2,233.4,153.79,26.6
50,1.6,233.4,153.79,3
70,1.6,233.4,153.79,9.7
100,1.6,233.4,153.79,15.6
150,1.6,233.4,153.79,21.2
200,1.6,233.4,153.79,26.1
300,1.6,233.4,153.79,28.6
500,1.2,118,103.6,6.9
500,1.2,168,116.5,14.2
500,1.2,180,131.5,25.4
500,1.2,32.49,101.7,11.2
500,1.2,36.57,120,19.3
500,1,36.57,120,13
500,1.4,36.57,120,23.6
2000,1.4,82,297,60.5
2000,1.4,27,182.4,25.1
1000,0.8,82,297,36.1
1000,1,82,297,39.1
1000,1.2,82,297,44.9
1000,1.4,82,297,49.8
200,1.4,82,297,31
500,1.4,82,297,36.3
700,1.4,82,297,41.7
1500,1.4,82,297,53.2
2000,1.4,82,297,60
100,1,617.22,41.99,1.9
100,1.2,617.22,41.99,3
100,1.4,617.22,41.99,4.1
100,1.6,617.22,41.99,5.5
75,1.6,617.22,41.99,4.7
125,1.6,617.22,41.99,6.5
150,1.6,617.22,41.99,6.8
200,1.6,617.22,41.99,6.9
500,1.2,16.04,90,26.8
500,1.2,11.29,112.8,33.7
500,1.2,38.31,143.1,41.1
500,0.8,38.31,143.1,28.8
500,1,38.31,143.1,32.6
100,1.2,38.31,143.1,20.1
300,1.2,38.31,143.1,31.5
500,1.2,403.1,115.6,38.1
500,1.2,286.1,149.5,45.5
500,1.2,103,132.7,41.5
250,0.6,286.1,149.5,19.4
250,0.9,286.1,149.5,25.4
250,1.2,286.1,149.5,33
500,0.6,286.1,149.5,25.8
500,0.9,286.1,149.5,32
1000,0.6,286.1,149.5,29.7
1000,0.9,286.1,149.5,33.1
1000,1.2,286.1,149.5,48.5
250,1.4,1367.9,296.8,18.7
250,1.4,211.3,310.9,20.3
250,1.4,216.3,357.8,28.7
500,1.4,1367.9,296.8,25.4
500,1.4,211.3,310.9,27.6
500,1.4,216.3,357.8,35.5
750,1.4,1367.9,296.8,37.9
750,1.4,211.3,310.9,39.6
750,1.4,216.3,357.8,47.9
250,1,216.3,357.8,14.2
250,1.2,216.3,357.8,22.4
500,0.8,398,309,82
500,1,398,309,94.4
500,1.2,398,309,119.8
500,1.4,398,309,131.4
500,0.8,48.2,178.3,22.9
500,0.8,152.7,204,25.3
500,0.8,414.8,260,31.4
500,1,48.2,178.3,24.3
500,1,152.7,204,27.7
500,1,414.8,260,35.6
500,1.2,48.2,178.3,25.7
500,1.2,152.7,204,30.2
500,1.2,414.8,260,38.7
500,1.4,48.2,178.3,24.9
500,1.4,152.7,204,30
500,1.4,414.8,260,38.1
700,1.2,48.2,178.3,30
700,1.2,152.7,204,36
700,1.2,414.8,260,43.4
1000,1.2,48.2,178.3,36.5
1000,1.2,152.7,204,42.8
1000,1.2,414.8,260,49.5
1500,1.2,48.2,178.3,43
1500,1.2,152.7,204,48.7
1500,1.2,414.8,260,53.3
2000,1.2,48.2,178.3,54.1
2000,1.2,152.7,204,54
2000,1.2,414.8,260,60.2
500,0.4,625.1,126.7,9.4
500,0.4,508.4,159.7,15.9
500,0.4,461.2,187.1,17.1
500,0.4,263.1,161.9,15.5
500,0.6,625.1,126.7,12.5
500,0.6,508.4,159.7,21.1
500,0.6,461.2,187.1,24.2
500,0.6,263.1,161.9,20.9
500,0.8,625.1,126.7,16.2
500,0.8,508.4,159.7,24.5
500,0.8,461.2,187.1,27.4
500,0.8,263.1,161.9,24
500,1,625.1,126.7,18.9
500,1,508.4,159.7,26
500,1,461.2,187.1,30.3
500,1,263.1,161.9,24.7
500,1.2,625.1,126.7,23
500,1.2,508.4,159.7,28.3
500,1.2,461.2,187.1,32.8
500,1.2,263.1,161.9,28.2
1000,1.2,625.1,126.7,26.2
1000,1.2,508.4,159.7,30.5
1000,1.2,461.2,187.1,35.8
1000,1.2,263.1,161.9,29.3
3000,1.2,625.1,126.7,27.7
3000,1.2,508.4,159.7,33.5
3000,1.2,461.2,187.1,39.7
3000,1.2,263.1,161.9,32.5
5000,1.2,625.1,126.7,28.2
5000,1.2,508.4,159.7,34.7
5000,1.2,461.2,187.1,42.1
5000,1.2,263.1,161.9,33.7
10000,1.2,508.4,159.7,36.7
10000,1.2,461.2,187.1,44.6
10000,1.2,263.1,161.9,35.3
20000,1.2,508.4,159.7,38.3
20000,1.2,461.2,187.1,47.5
20000,1.2,263.1,161.9,36.8
500,1.2,33,79.94,17.68
500,1.2,76.68,230,22.84
500,1.2,177,373.6,39
500,0.8,177,373.6,30.8
500,1,177,373.6,32.2
500,1.4,177,373.6,34.3
300,1.2,33,79.94,6.7
300,1.2,76.68,230,13.4
300,1.2,177,373.6,26.4
700,1.2,33,79.94,22.5
700,1.2,76.68,230,30.7
700,1.2,177,373.6,56.1
1000,1.2,33,79.94,27.8
1000,1.2,76.68,230,37.4
1000,1.2,177,373.6,61
2000,1.2,33,79.94,66.7
2000,1.2,76.68,230,89.3
2000,1.2,177,373.6,116.2
500,0.8,33,79.94,5.9
500,1,33,79.94,12.5
500,1.4,33,79.94,7.6
500,0.8,76.68,230,13.3
500,1,76.68,230,16.1
500,1.4,76.68,230,14.2
1000,1,901.75,76.5,9.4
1000,1,1174.67,86.6,11
1000,1,902.57,81.8,10.7
1000,1,964.33,87.4,5.9
500,1.2,406,156,22.2
500,1.2,336,160,24
500,1.2,381,217,26.3
500,1.2,406,151,20
500,1.2,456,133,18
250,1.2,381,217,14.3
1000,1.2,381,217,30
500,0.8,381,217,13.2
500,1,381,217,18.9
500,1.2,21.47,70.07,16.08
500,1.2,47.06,164.2,20.82
500,1.2,110.58,242.24,35.86
500,0.8,110.58,242.24,26.6
500,1,110.58,242.24,31.8
500,1.4,110.58,242.24,34
300,1.2,21.47,70.07,4.6
300,1.2,47.06,164.2,8.6
300,1.2,110.58,242.24,20.4
700,1.2,21.47,70.07,17.1
700,1.2,47.06,164.2,22.7
700,1.2,110.58,242.24,41.5
1000,1.2,21.47,70.07,24.4
1000,1.2,47.06,164.2,32
1000,1.2,110.58,242.24,52.7
2000,1.2,21.47,70.07,45.1
2000,1.2,47.06,164.2,56.7
2000,1.2,110.58,242.24,100.8
500,0.8,21.47,70.07,8.3
500,0.8,47.06,164.2,12
500,1,21.47,70.07,12.8
500,1,47.06,164.2,17.5
500,1.4,21.47,70.07,14.3
500,1.4,47.06,164.2,19.2
500,1.2,74,165,22.02
500,1.2,120,184,23.1
500,1.2,130,223,33.5
500,1.2,226,206,24.7
500,0.8,130,223,23.5
500,1,130,223,29.9
250,1.2,130,223,15.4
1000,1.2,130,223,43.9
500,0.8,484.3,343.3,110
500,1,484.3,343.3,121.2
500,1.2,484.3,343.3,127.6
500,1.4,484.3,343.3,140.8
786,1,129.34,182,17.3
786,1.2,129.34,182,27.3
786,1.4,129.34,182,33.1
786,1,120.31,243.1,23.12
786,1.2,120.31,243.1,31.25
786,1.4,120.31,243.1,36.87
100,1.4,120.31,243.1,6.87
200,1.4,120.31,243.1,12
400,1.4,120.31,243.1,22.5
1000,1.8,249.3,185.2,69.5
1000,1.8,189.3,123.1,49.5
1000,1.8,270.8,242,73.3
1000,1.8,230,180.4,63.9
100,1.8,270.8,242,23.4
250,1.8,270.8,242,37.3
500,1.8,270.8,242,53
2000,1.8,270.8,242,75.2
400,1.2,2.21,189.2,10.8
400,1.2,1.6,196.5,13.2
400,1.2,43.52,281.6,22.7
400,1.5,2.21,189.2,14.7
400,1.5,1.6,196.5,16.4
400,1.5,43.52,281.6,27.7
400,1.8,2.21,189.2,19.5
400,1.8,1.6,196.5,20.2
400,1.8,43.52,281.6,36.8
50,1.8,43.52,281.6,28.9
800,1.8,43.52,281.6,54.1
1600,1.8,43.52,281.6,86.2
3200,1.8,43.52,281.6,96.1
6400,1.8,43.52,281.6,105.4
35064,1.8,43.52,281.6,113.3
1170,0.8,1.1,118,23.8
1170,0.8,25,332,68.5
1170,1,1.1,118,28.8
1170,1,25,332,75.7
1170,1.2,1.1,118,36.3
1170,1.2,25,332,88.6
1170,1.4,1.1,118,39.7
1170,1.4,25,332,96.1
50,1.5,89.5,112,17.5
100,1.5,89.5,112,25.7
250,1.5,89.5,112,32.1
1000,1.5,89.5,112,47.9
35064,1.5,89.5,112,43.2
100,1.2,315.6,62.2,19.8
250,1.2,315.6,62.2,24
500,1.2,315.6,62.2,29.2
100,1,315.6,62.2,16
100,1.4,315.6,62.2,22.5